Nose_X,Nose_Y,Left Shoulder_X,Left Shoulder_Y,Right Shoulder_X,Right Shoulder_Y,Left Elbow_X,Left Elbow_Y,Right Elbow_X,Right Elbow_Y,Left Wrist_X,Left Wrist_Y,Right Wrist_X,Right Wrist_Y,Left Hip_X,Left Hip_Y,Right Hip_X,Right Hip_Y,Left Knee_X,Left Knee_Y,Right Knee_X,Right Knee_Y,Left Ankle_X,Left Ankle_Y,Right Ankle_X,Right Ankle_Y,Shoulder_Angle,Left_Torso_Incline_Angle,Right_Torso_Incline_Angle,Left_Elbow_Angle,Right_Elbow_Angle,Left_Hip_Knee_Angle,Right_Hip_Knee_Angle,Left_Knee_Ankle_Angle,Right_Knee_Ankle_Angle,Head_to_Shoulders_Angle,Head_to_Hips_Angle,Nose_X_velocity,Nose_X_acceleration,Nose_Y_velocity,Nose_Y_acceleration,Left Shoulder_X_velocity,Left Shoulder_X_acceleration,Left Shoulder_Y_velocity,Left Shoulder_Y_acceleration,Right Shoulder_X_velocity,Right Shoulder_X_acceleration,Right Shoulder_Y_velocity,Right Shoulder_Y_acceleration,Left Elbow_X_velocity,Left Elbow_X_acceleration,Left Elbow_Y_velocity,Left Elbow_Y_acceleration,Right Elbow_X_velocity,Right Elbow_X_acceleration,Right Elbow_Y_velocity,Right Elbow_Y_acceleration,Left Wrist_X_velocity,Left Wrist_X_acceleration,Left Wrist_Y_velocity,Left Wrist_Y_acceleration,Right Wrist_X_velocity,Right Wrist_X_acceleration,Right Wrist_Y_velocity,Right Wrist_Y_acceleration,Left Hip_X_velocity,Left Hip_X_acceleration,Left Hip_Y_velocity,Left Hip_Y_acceleration,Right Hip_X_velocity,Right Hip_X_acceleration,Right Hip_Y_velocity,Right Hip_Y_acceleration,Left Knee_X_velocity,Left Knee_X_acceleration,Left Knee_Y_velocity,Left Knee_Y_acceleration,Right Knee_X_velocity,Right Knee_X_acceleration,Right Knee_Y_velocity,Right Knee_Y_acceleration,Left Ankle_X_velocity,Left Ankle_X_acceleration,Left Ankle_Y_velocity,Left Ankle_Y_acceleration,Right Ankle_X_velocity,Right Ankle_X_acceleration,Right Ankle_Y_velocity,Right Ankle_Y_acceleration
0.0,0.0,0.3162754476070404,0.3615044951438904,0.3799780011177063,0.3538700044155121,0.2997472286224365,0.4361964464187622,0.40041884779930115,0.3873174786567688,0.3068998157978058,0.4922080934047699,0.386691153049469,0.362791508436203,0.3441745638847351,0.5102789402008057,0.3866608440876007,0.5083474516868591,0.3524090051651001,0.6161734461784363,0.38395410776138306,0.5986649990081787,0.37248197197914124,0.7170875668525696,0.397527277469635,0.6792627573013306,0.3904030011086508,0.12832634744155366,0.16085190016288656,0.8902510187483339,0.012187904109061029,0.9622026241574558,0.9373563124702998,0.019199375068133878,0.032896811416602396,0.0,0.0,0.0,0.0,0.0,0.0,0.0,0.0,0.0,0.0,0.0,0.0,0.0,0.0,0.0,0.0,0.0,0.0,0.0,0.0,0.0,0.0,0.0,0.0,0.0,0.0,0.0,0.0,0.0,0.0,0.0,0.0,0.0,0.0,0.0,0.0,0.0,0.0,0.0,0.0,0.0,0.0,0.0,0.0,0.0,0.0,0.0,0.0,0.0,0.0,0.0,0.0,0.0,0.0
0.0,0.0,0.32373982667922974,0.3660436272621155,0.38242262601852417,0.35100066661834717,0.3010317385196686,0.44679373502731323,0.3993213176727295,0.39591899514198303,0.31019389629364014,0.48422878980636597,0.3911111652851105,0.3465813100337982,0.3433864414691925,0.5162193775177002,0.3826506733894348,0.5094450116157532,0.35384154319763184,0.618644118309021,0.3835843801498413,0.6016079783439636,0.3811391592025757,0.7162321209907532,0.4044415354728699,0.6959051489830017,0.3462706252479388,0.12866715054300246,0.11407944386654935,0.8363365132530212,0.06204944920406939,0.945560008713683,0.9339347883685634,0.027436771235126646,0.032258267702773,0.0,0.0,0.0,0.0,0.0,0.0,0.007464379072189331,0.007464379072189331,0.004539132118225098,0.004539132118225098,0.002444624900817871,0.002444624900817871,-0.002869337797164917,-0.002869337797164917,0.0012845098972320557,0.0012845098972320557,0.010597288608551025,0.010597288608551025,-0.0010975301265715998,-0.0010975301265715998,0.008601516485214233,0.008601516485214233,0.0032940804958343506,0.0032940804958343506,-0.00797930359840393,-0.00797930359840393,0.0044200122356414795,0.0044200122356414795,-0.016210198402404785,-0.016210198402404785,-0.0007881224155426025,-0.0007881224155426025,0.005940437316894531,0.005940437316894531,-0.0040101706981658936,-0.0040101706981658936,0.001097559928894043,0.001097559928894043,0.0014325380325317383,0.0014325380325317383,0.002470672130584717,0.002470672130584717,-0.00036972761154169254,-0.00036972761154169254,0.002942979335784912,0.002942979335784912,0.008657187223434504,0.008657187223434504,-0.0008554458618164062,-0.0008554458618164062,0.006914258003234863,0.006914258003234863,0.016642391681671143,0.016642391681671143
0.0,0.0,0.32277199625968933,0.3715241849422455,0.3787168264389038,0.3655015826225281,0.30770090222358704,0.45624229311943054,0.4044143259525299,0.4268718361854553,0.32568803429603577,0.4663867652416229,0.3995533287525177,0.3762294054031372,0.3456098735332489,0.5235315561294556,0.3831968605518341,0.5203936100006104,0.3560939431190491,0.6214719414710999,0.3841809034347534,0.6035829782485962,0.37774235010147095,0.716905415058136,0.39947617053985596,0.6930856108665466,0.40013001354063965,0.10350854298759916,0.11702073437676799,0.6074173751365529,0.09576465399265761,0.9629396514812559,0.9498889858821217,0.018590814224210404,0.02395812232511755,0.0,0.0,0.0,0.0,0.0,0.0,-0.0009678304195403498,-0.00843220949172965,0.005480557680130005,0.0009414255619050052,-0.003705799579620306,-0.006150424480438106,0.014500916004180964,0.017370253801345863,0.006669163703918457,0.005384653806686457,0.009448558092117365,-0.0011487305164336343,0.005093008279800415,0.006190538406371915,0.030952841043472346,0.022351324558258147,0.015494138002395685,0.012200057506561385,-0.017842024564742986,-0.009862720966339087,0.008442163467407227,0.004022151231765827,0.02964809536933899,0.04585829377174369,0.0022234320640563965,0.0030115544795989964,0.007312178611755371,0.001371741294860871,0.000546187162399292,0.004556357860565092,0.010948598384857178,0.009851038455963178,0.002252399921417292,0.0008198618888855919,0.0028278231620788574,0.00035715103149415754,0.0005965232849121094,0.0009662508964537093,0.0019749999046325684,-0.0009679794311523316,-0.0033968091011047363,-0.012053996324539237,0.0006732940673828125,0.0015287399291992125,-0.004965364933013916,-0.011879622936248717,-0.002819538116455078,-0.01946192979812618
0.0,0.0,0.3234230577945709,0.37166959047317505,0.37912309169769287,0.36370763182640076,0.3067159354686737,0.4583038091659546,0.4036175310611725,0.4249688684940338,0.32277294993400574,0.47148552536964417,0.3983292877674103,0.3739531934261322,0.3457372188568115,0.522853672504425,0.3829180896282196,0.519047737121582,0.3559625446796417,0.6218631863594055,0.3833223879337311,0.6046302318572998,0.3789638578891754,0.7164624333381653,0.39999136328697205,0.6948397159576416,0.3889848186193612,0.10728507486791429,0.1132990544785459,0.6581575627478754,0.0881955814787916,0.956835583955698,0.9433422048104213,0.021821612716453182,0.027343259564063346,0.0,0.0,0.0,0.0,0.0,0.0,0.0006510615348816473,0.0016188919544219472,0.00014540553092956543,-0.005335152149200434,0.0004062652587890625,0.004112064838409363,-0.0017939507961273193,-0.01629486680030822,-0.0009849667549132746,-0.007654130458831674,0.0020615160465241034,-0.007387042045593196,-0.0007967948913574219,-0.005889803171157822,-0.0019029676914215088,-0.03285580873489381,-0.002915084362029974,-0.018409222364425576,0.00509876012802124,0.02294078469276414,-0.0012240409851074219,-0.009666204452514622,-0.002276211977005005,-0.031924307346343904,0.00012734532356262207,-0.002096086740493678,-0.0006778836250305176,-0.007990062236785818,-0.00027877092361450195,-0.000824958086013702,-0.0013458728790283203,-0.01229447126388542,-0.00013139843940734863,-0.0023837983608245485,0.00039124488830566406,-0.002436578273773136,-0.0008585155010223389,-0.001455038785934439,0.0010472536087036133,-0.0009277462959288866,0.0012215077877045233,0.004618316888809223,-0.0004429817199707031,-0.001116275787353503,0.0005151927471161444,0.005480557680130045,0.0017541050910949707,0.004573643207549971
0.0,0.0,0.32782694697380066,0.38049834966659546,0.3836108446121216,0.36966976523399353,0.3138992190361023,0.46161213517189026,0.4064059853553772,0.43457964062690735,0.33315005898475647,0.4553961157798767,0.3958294689655304,0.39565005898475647,0.35007354617118835,0.5284988284111023,0.388234406709671,0.5231736898422241,0.35764092206954956,0.6261904835700989,0.386536568403244,0.6073970198631287,0.3787977397441864,0.7204838991165161,0.4014260172843933,0.7002066373825073,0.37273054151246476,0.1016189064663146,0.09791716596627295,0.34645509132968844,0.02306054114491446,0.9543513988598542,0.9429491420964017,0.022982486665608558,0.026959884568045746,0.0,0.0,0.0,0.0,0.0,0.0,0.004403889179229736,0.0037528276443481363,0.008828759193420466,0.008683353662490966,0.0044877529144287664,0.004081487655639766,0.005962133407592829,0.007756084203720129,0.007183283567428589,0.008168250322341789,0.003308326005935669,0.001246809959411569,0.002788454294204712,0.003585249185562112,0.009610772132873535,0.011513739824295035,0.010377109050750788,0.013292193412780689,-0.0160894095897674,-0.0211881697177886,-0.002499818801879883,-0.0012757778167724828,0.021696865558624268,0.02397307753562927,0.004336327314376831,0.004208981990814231,0.005645155906677246,0.006323039531707746,0.005316317081451416,0.005595088005065916,0.00412595272064209,0.005471825599670389,0.001678377389907837,0.001809775829315137,0.004327297210693359,0.0039360523223877595,0.0032141804695129395,0.004072695970535239,0.0027667880058288574,0.0017195343971252574,-0.00016611814498901367,-0.0013876259326935138,0.00402146577835083,0.00446444749832153,0.0014346539974213202,0.0009194612503052201,0.005366921424865723,0.0036128163337708226
0.0,0.0,0.33016237616539,0.395333468914032,0.3891346752643585,0.38072696328163147,0.308258593082428,0.4830490052700043,0.40816235542297363,0.45084348320961,0.3198574185371399,0.4763881266117096,0.3950467109680176,0.41845574975013733,0.35115736722946167,0.5428937077522278,0.3906014859676361,0.536298930644989,0.35698145627975464,0.6332492828369141,0.3850293755531311,0.6179575324058533,0.38262537121772766,0.7202072143554688,0.3991401195526123,0.7075245976448059,0.3494906567825954,0.12288083303933267,0.08134797823258871,0.25617584345339334,0.03812780618422772,0.9292068687851808,0.9285742551451311,0.03537357107395354,0.03387870877584632,0.0,0.0,0.0,0.0,0.0,0.0,0.002335429191589411,-0.002068459987640289,0.014835119247436579,0.006006360054016179,0.0055238306522369385,0.0010360777378082388,0.011057198047637995,0.005095064640045195,-0.005640625953674316,-0.012823909521102817,0.02143687009811407,0.01812854409217847,0.0017563700675964355,-0.0010320842266082647,0.016263842582702692,0.006653070449829192,-0.013292640447616522,-0.02366974949836722,0.020992010831832886,0.037081420421600286,-0.0007827579975128174,0.0017170608043669826,0.022805690765380915,0.0011088252067567132,0.001083821058273371,-0.003252506256103429,0.014394879341125488,0.008749723434448287,0.002367079257965088,-0.0029492378234863125,0.013125240802764893,0.008999288082122893,-0.0006594657897948664,-0.0023378431797026664,0.0070587992668151855,0.002731502056121885,-0.001507192850112915,-0.004721373319625815,0.01056051254272461,0.007793724536895809,0.0038276314735412598,0.0039937496185302596,-0.0002766847610473633,-0.004298150539398163,-0.002285897731781006,-0.003720551729202306,0.007317960262298584,0.0019510388374328839
0.0,0.0,0.3303917646408081,0.41144660115242004,0.39053642749786377,0.406522274017334,0.32271507382392883,0.4959321916103363,0.4131677448749542,0.46862727403640747,0.34073665738105774,0.4746619164943695,0.3989185392856598,0.4252946972846985,0.3583974242210388,0.5567267537117004,0.39750102162361145,0.5552744269371033,0.36228781938552856,0.650676965713501,0.38874465227127075,0.6365880370140076,0.38091790676116943,0.730276882648468,0.39746716618537903,0.7063506841659546,0.40689996928727634,0.08946073043874743,0.09634061371030257,0.19489786230818093,0.01010748860329877,0.939991340731779,0.9262607093928739,0.03210656482998271,0.03966456313149458,0.0,0.0,0.0,0.0,0.0,0.0,0.00022938847541809082,-0.0021060407161713093,0.01611313223838806,0.0012780129909515624,0.001401752233505249,-0.004122078418731651,0.02579531073570257,0.01473811268806467,0.014456480741500854,0.020097106695175154,0.012883186340332031,-0.008553683757781969,0.005005389451980646,0.0032490193843842463,0.017783790826797485,0.0015199482440948868,0.020879238843917847,0.03417187929153435,-0.0017262101173400879,-0.022718220949172887,0.003871828317642212,0.004654586315155012,0.006838947534561213,-0.01596674323081969,0.007240056991577204,0.006156235933303904,0.013833045959472656,-0.0005618333816527436,0.006899535655975342,0.004532456398010342,0.018975496292114258,0.005850255489349457,0.005306363105773981,0.005965828895568782,0.017427682876586914,0.010368883609771815,0.0037152767181396484,0.005222469568252549,0.018630504608154297,0.008069992065429696,-0.001707464456558172,-0.005535095930099372,0.010069668292999268,0.010346353054046568,-0.0016729533672332764,0.0006129443645477234,-0.0011739134788513184,-0.008491873741149819
0.0,0.0,0.3310796618461609,0.41114941239356995,0.39067980647087097,0.4054702818393707,0.32166457176208496,0.4953646957874298,0.4134984612464905,0.4680573642253876,0.33805233240127563,0.473266065120697,0.3989730775356293,0.42378246784210205,0.3593696653842926,0.5566128492355347,0.39805570244789124,0.5547141432762146,0.36193573474884033,0.6506891846656799,0.3882921040058136,0.6359018683433533,0.3810206949710846,0.7304547429084778,0.3984776437282562,0.7061928510665894,0.4047402105458587,0.09658147659398258,0.09556676434042884,0.16766998349119505,0.01037846940173409,0.9339257224209583,0.9160971756019433,0.03531387534312595,0.04491933346436843,0.0,0.0,0.0,0.0,0.0,0.0,0.0006878972053527832,0.00045850872993478324,-0.00029718875885004215,-0.01641032099723804,0.00014337897300725766,-0.0012583732604979424,-0.0010519921779632568,-0.026847302913665758,-0.0010505020618438166,-0.015506982803344617,-0.0005674958229064941,-0.013450682163238494,0.0003307163715362549,-0.0046746730804443455,-0.000569909811019842,-0.01835370063781724,-0.002684324979782049,-0.02356356382369985,-0.0013958513736724854,0.0003303587436675147,5.453824996948242e-05,-0.0038172900676727178,-0.0015122294425964355,-0.008351176977157634,0.0009722411632537842,-0.006267815828323415,-0.00011390447616577148,-0.013946950435638372,0.0005546808242798407,-0.0063448548316954595,-0.0005602836608886719,-0.01953577995300287,-0.0003520846366881769,-0.005658447742462077,1.2218952178955078e-05,-0.017415463924407945,-0.0004525482654570978,-0.004167824983596698,-0.0006861686706542969,-0.019316673278808497,0.00010278820991521664,0.0018102526664733167,0.00017786026000976562,-0.009891808032989434,0.0010104775428772528,0.002683430910110453,-0.00015783309936523438,0.0010160803794860656
0.0,0.0,0.339741975069046,0.43944063782691956,0.395378440618515,0.4261015057563782,0.32323357462882996,0.5269250869750977,0.4248274862766266,0.4974398612976074,0.3289792537689209,0.5253484845161438,0.4320541322231293,0.5123240351676941,0.37537291646003723,0.5750572085380554,0.4111687242984772,0.5703972578048706,0.3602447807788849,0.6559547781944275,0.3906634747982025,0.6439008116722107,0.3829190135002136,0.726699948310852,0.40502259135246277,0.7111940979957581,0.38260101283954967,0.14114946704194,0.08992333267967442,0.35538727823530786,0.9807415146044781,0.8424270608773109,0.8464851412985626,0.08290072637500746,0.0808039468121579,0.0,0.0,0.0,0.0,0.0,0.0,0.008662313222885132,0.007974416017532432,0.028291225433349665,0.028588414192199665,0.0046986341476440985,0.004555255174636898,0.020631223917007446,0.021683216094970648,0.0015690028667450506,0.0026195049285888507,0.03156039118766785,0.032127887010574244,0.011329025030136108,0.010998308658599909,0.02938249707221985,0.02995240688323965,-0.00907307863235468,-0.00638875365257268,0.05208241939544678,0.05347827076911918,0.0330810546875,0.03302651643753052,0.0885415673255921,0.09005379676818849,0.01600325107574463,0.015031009912490928,0.018444359302520752,0.01855826377868645,0.013113021850585993,0.012558341026306192,0.015683114528656006,0.016243398189544605,-0.0016909539699553888,-0.001338869333267289,0.005265593528747559,0.0052533745765686035,0.002371370792388916,0.002823919057845916,0.007998943328857422,0.008685111999511622,0.0018983185291290283,0.0017955303192138284,-0.0037547945976257324,-0.003932654857635432,0.006544947624206543,0.005534470081329343,0.005001246929168701,0.005159080028533901
0.0,0.0,0.35528549551963806,0.4698168933391571,0.4069902300834656,0.44928428530693054,0.3313431441783905,0.5414459109306335,0.4384227693080902,0.5140125155448914,0.31608864665031433,0.5085159540176392,0.447663277387619,0.5482872128486633,0.3945067226886749,0.6018784046173096,0.4262617826461792,0.5934119820594788,0.3540281355381012,0.6499971151351929,0.3849247395992279,0.637534499168396,0.38252753019332886,0.7203868627548218,0.40563440322875977,0.7088279724121094,0.35369151226712064,0.19457479144299275,0.10158686412493,0.2407664009457617,0.9399261887105633,0.6549257260784133,0.6703837126885006,0.15452255871052736,0.14628225663462815,0.0,0.0,0.0,0.0,0.0,0.0,0.015543520450592041,0.00688120722770694,0.030376255512237604,0.0020850300788880054,0.011611789464950562,0.006913155317306562,0.023182779550552368,0.002551555633544967,0.008109569549560602,0.006540566682815602,0.014520823955535889,-0.01703956723213191,0.013595283031463623,0.0022662580013275233,0.016572654247283936,-0.012809842824935865,-0.012890607118606567,-0.003817528486251968,-0.01683253049850464,-0.06891494989395133,0.015609145164489746,-0.017471909523010254,0.03596317768096924,-0.05257838964462286,0.01913380622863775,0.0031305551528931497,0.02682119607925415,0.00837683677673345,0.015093058347702026,0.001980036497116127,0.023014724254608154,0.007331609725952155,-0.006216645240783691,-0.004525691270828391,-0.005957663059234619,-0.011223256587982119,-0.005738735198974609,-0.00811010599136351,-0.006366312503814697,-0.014365255832672097,-0.0003914833068847656,-0.0022898018360137653,-0.0063130855560302734,-0.0025582909584045735,0.0006118118762970526,-0.005933135747909447,-0.0023661255836486816,-0.007367372512817382
0.0,0.0,0.3554481863975525,0.47138580679893494,0.40555933117866516,0.4489828050136566,0.33110445737838745,0.543497622013092,0.4382486045360565,0.5122582316398621,0.31553158164024353,0.5081478357315063,0.44758936762809753,0.5471510291099548,0.3957386910915375,0.6021044850349426,0.42622336745262146,0.5927446484565735,0.3534994423389435,0.6494321227073669,0.38330647349357605,0.6344325542449951,0.3835291266441345,0.7218816876411438,0.40534332394599915,0.7062845230102539,0.3457915915572878,0.19880174653701158,0.10634539192872036,0.23571700697813908,0.9314716282222563,0.642988762117088,0.6506505487268677,0.15741076894870407,0.15261646972495135,0.0,0.0,0.0,0.0,0.0,0.0,0.00016269087791448422,-0.015380829572677515,0.001568913459777832,-0.02880734205245977,-0.001430898904800415,-0.013042688369750916,-0.00030148029327387027,-0.02348425984382617,-0.00023868680000305176,-0.008348256349563652,0.002051711082458496,-0.012469112873077304,-0.0001741647720336914,-0.013769447803497292,-0.0017542839050292969,-0.018326938152313198,-0.0005570650100707453,0.012333542108535754,-0.0003681182861328125,0.016464412212371788,-7.390975952148438e-05,-0.015683054924011182,-0.001136183738708496,-0.03709936141967769,0.0012319684028625488,-0.01790183782577515,0.00022608041763305664,-0.02659511566162104,-3.841519355773926e-05,-0.01513147354125974,-0.0006673336029052734,-0.023682057857513372,-0.0005286931991577148,0.0056879520416258855,-0.0005649924278259277,0.005392670631408672,-0.0016182661056518555,0.004120469093322744,-0.003101944923400879,0.003264367580413721,0.0010015964508057196,0.0013930797576904195,0.0014948248863220215,0.007807910442352221,-0.0002910792827605646,-0.0009028911590575646,-0.0025434494018554688,-0.00017732381820686864
0.0,0.0,0.3655003011226654,0.4804232716560364,0.41390347480773926,0.46508094668388367,0.34647324681282043,0.5591515898704529,0.44277262687683105,0.5245236158370972,0.330535352230072,0.5949735641479492,0.45007452368736267,0.5425068736076355,0.397397518157959,0.6156343817710876,0.42499083280563354,0.6092446446418762,0.35194605588912964,0.6521787047386169,0.38277697563171387,0.6610442996025085,0.3775811195373535,0.7044451832771301,0.4053000211715698,0.7242357730865479,0.3675351761980565,0.1492249208805223,0.11947952252199051,0.9422305308676785,0.9788604666219022,0.5704100847410761,0.6733583877096526,0.21502715372452583,0.16296838958725418,0.0,0.0,0.0,0.0,0.0,0.0,0.010052114725112915,0.009889423847198516,0.009037464857101496,0.007468551397323696,0.008344143629074152,0.009775042533874552,0.01609814167022705,0.01639962196350085,0.015368789434433039,0.015607476234436039,0.01565396785736084,0.013602256774902441,0.004524022340774536,0.0046981871128081365,0.012265384197235107,0.014019668102264307,0.015003770589828547,0.015560835599899247,0.08682572841644287,0.08719384670257567,0.0024851560592651922,0.0025590658187866766,-0.004644155502319336,-0.003507971763610936,0.0016588270664215088,0.00042685866355900875,0.01352989673614502,0.01330381631851202,-0.0012325346469878595,-0.0011941194534301203,0.016499996185302734,0.017167329788207935,-0.0015533864498138428,-0.0010246932506561427,0.00274658203125,0.0033115744590759,-0.0005294978618621271,0.0010887682437896729,0.026611745357513428,0.029713690280914227,-0.005948007106781006,-0.006949603557586706,-0.017436504364013672,-0.018931329250335673,-4.330277442926578e-05,0.0002477765083312342,0.017951250076293945,0.020494699478149345
0.0,0.0,0.36230409145355225,0.5135637521743774,0.40653419494628906,0.49077847599983215,0.3558698296546936,0.5797043442726135,0.44927871227264404,0.530001699924469,0.32951635122299194,0.6248127222061157,0.46050697565078735,0.5617282390594482,0.4109056293964386,0.6197258830070496,0.43626582622528076,0.607996940612793,0.3572686016559601,0.6523554921150208,0.38279372453689575,0.6428554654121399,0.38119855523109436,0.7173133492469788,0.4020492434501648,0.7066757082939148,0.35936796701320334,0.1675270937902177,0.18459647915389304,0.862565365261465,0.8446076265005003,0.5616137546958397,0.5906168351874456,0.2064134472697708,0.19951771869904,0.0,0.0,0.0,0.0,0.0,0.0,-0.003196209669113159,-0.013248324394226059,0.033140480518341064,0.024103015661239666,-0.00736927986145014,-0.01571342349052424,0.025697529315948542,0.009599387645721543,0.009396582841873224,-0.005972206592559776,0.020552754402160645,0.004898786544799843,0.006506085395813044,0.001982063055038544,0.005478084087371826,-0.006787300109863274,-0.0010190010070800781,-0.016022771596908576,0.029839158058166504,-0.0569865703582763,0.010432451963424738,0.007947295904159638,0.019221365451812744,0.023865520954132045,0.013508111238479614,0.011849284172058114,0.004091501235961914,-0.009438395500183086,0.011274993419647272,0.012507528066635073,-0.001247704029083252,-0.01774770021438595,0.0053225457668305,0.0068759322166443,0.0001767873764038086,-0.0025697946548461914,1.6748905181940277e-05,0.0005462467670440403,-0.018188834190368652,-0.04480057954788205,0.0036174356937408447,0.009565442800521844,0.012868165969848633,0.030304670333862232,-0.0032507777214050293,-0.0032074749469757635,-0.017560064792633057,-0.03551131486892696
0.0,0.0,0.38379913568496704,0.493801087141037,0.43405675888061523,0.4806697964668274,0.3671874701976776,0.5655981302261353,0.45786333084106445,0.5415752530097961,0.3604685068130493,0.5439154505729675,0.4641207754611969,0.5635815858840942,0.41136491298675537,0.627916693687439,0.4430612325668335,0.6225334405899048,0.35911673307418823,0.6423664689064026,0.394530713558197,0.6383543610572815,0.38484272360801697,0.7255480289459229,0.41314342617988586,0.718819260597229,0.36997969705951084,0.13689975001778157,0.09843089886371532,0.16802381588453452,0.9695753149857318,0.4904099707164057,0.52795362587637,0.17990855914737777,0.16825157052421122,0.0,0.0,0.0,0.0,0.0,0.0,0.02149504423141485,0.02469125390052795,-0.019762665033340454,-0.052903145551681456,0.027522563934326227,0.034891843795776326,-0.010108679533004705,-0.035806208848953205,0.011317640542984009,0.0019210577011108086,-0.014106214046478271,-0.034658968448638874,0.008584618568420466,0.0020785331726074652,0.011573553085327148,0.006095468997955348,0.03095215559005743,0.03197115659713743,-0.0808972716331482,-0.1107364296913147,0.0036137998104096014,-0.0068186521530150986,0.001853346824645996,-0.017368018627166703,0.00045928359031677246,-0.013048827648162828,0.008190810680389404,0.004099309444427504,0.00679540634155279,-0.0044795870780944096,0.014536499977111816,0.015784204006195016,0.0018481314182281494,-0.0034744143486023504,-0.009989023208618164,-0.010165810585021964,0.011736989021301325,0.011720240116119385,-0.0045011043548583984,0.013687729835510202,0.003644168376922663,2.6732683181862876e-05,0.008234679698944092,-0.004633486270904508,0.01109418272972107,0.01434496045112607,0.012143552303314209,0.02970361709594721
0.0,0.0,0.38531044125556946,0.4937089681625366,0.4360671043395996,0.48273149132728577,0.3674696087837219,0.5669212937355042,0.4576040804386139,0.5430254340171814,0.3610491454601288,0.5488940477371216,0.46406757831573486,0.5636755228042603,0.41019904613494873,0.627711296081543,0.4424479305744171,0.6234948635101318,0.3597031831741333,0.6421687006950378,0.39707574248313904,0.6394913196563721,0.38458171486854553,0.7242437601089478,0.41388651728630066,0.7175539135932922,0.37599818301393295,0.13453925640425782,0.09478478065690651,0.18499328264755024,0.9873525566132995,0.4950767256707244,0.5403756171428246,0.17625213473829388,0.16135649650088416,0.0,0.0,0.0,0.0,0.0,0.0,0.0015113055706024725,-0.019983738660812326,-9.211897850036621e-05,0.019670546054840032,0.0020103454589844305,-0.02551221847534177,0.002061694860458374,0.012170374393463074,0.0002821385860443115,-0.011035501956939689,0.0013231635093688965,0.015429377555847097,-0.000259250402450506,-0.008843868970870906,0.001450181007385254,-0.010123372077941846,0.0005806386470794678,-0.030371516942977933,0.004978597164154053,0.08587586879730225,-5.319714546203613e-05,-0.0036669969558716362,9.393692016601562e-05,-0.0017594099044798844,-0.0011658668518065851,-0.0016251504421232852,-0.0002053976058959961,-0.008396208286285397,-0.0006133019924163818,-0.0074087083339690815,0.0009614229202270508,-0.01357507705688475,0.0005864500999451239,-0.001261681318282976,-0.0001977682113647461,0.009791254997253354,0.0025450289249420166,-0.009191960096359284,0.0011369585990905762,0.005638062953948877,-0.00026100873947138004,-0.00390517711639398,-0.0013042688369750977,-0.009538948535919098,0.0007430911064148504,-0.01035109162330615,-0.0012653470039367676,-0.013408899307250968
0.3762124478816986,0.4984162151813507,0.40094879269599915,0.5164622664451599,0.4395383298397064,0.48647916316986084,0.3961373269557953,0.6036650538444519,0.4807162284851074,0.5259364247322083,0.37701499462127686,0.6158560514450073,0.464315801858902,0.5290077328681946,0.4244922995567322,0.6513970494270325,0.44931724667549133,0.6364695429801941,0.3672131896018982,0.6473175287246704,0.39363783597946167,0.6301583051681519,0.3793914020061493,0.732707679271698,0.4100377857685089,0.7075929641723633,0.2607823736547111,0.07253053574068985,0.2360677320757836,0.6982040291855552,0.3021361220564639,0.4322748371115084,0.3976396261003929,0.20629275546218578,0.2270480503821792,0.5891199754755869,0.4249802566636993,0.3762124478816986,0.3762124478816986,0.4984162151813507,0.4984162151813507,0.015638351440429743,0.014127045869827343,0.02275329828262329,0.022845417261123657,0.0034712255001068115,0.0014608800411224114,0.0037476718425751288,0.0016859769821168289,0.028667718172073364,0.028385579586029063,0.036743760108947754,0.035420596599578955,0.02311214804649353,0.02337139844894403,-0.017089009284973145,-0.018539190292358343,0.01596584916114807,0.015385210514068671,0.06696200370788574,0.061983406543731745,0.00024822354316716977,0.0003014206886292059,-0.034667789936065674,-0.03476172685623169,0.014293253421783503,0.015459120273590003,0.023685753345489502,0.0238911509513854,0.006869316101074219,0.007482618093490519,0.012974679470062256,0.012013256549835255,0.007510006427764893,0.006923556327819793,0.005148828029632568,0.0053465962409972685,-0.0034379065036773127,-0.005982935428619313,-0.009333014488220215,-0.010469973087310715,-0.005190312862396185,-0.0049293041229248845,0.008463919162750244,0.009768187999725245,-0.0038487315177916925,-0.004591822624206493,-0.009960949420928955,-0.008695602416992255
0.0,0.0,0.42977383732795715,0.5131680965423584,0.4467083811759949,0.49393123388290405,0.41513630747795105,0.6001875996589661,0.43506482243537903,0.556402325630188,0.3820045590400696,0.6135092377662659,0.3939235210418701,0.5800794959068298,0.4313015341758728,0.6482511162757874,0.4430065453052521,0.6348083019256592,0.3697398602962494,0.6441110968589783,0.3825639486312866,0.6269410252571106,0.38563668727874756,0.7387153506278992,0.392375111579895,0.7091023325920105,0.19809262076923012,0.05664595819588763,0.05029225901090713,0.6747357425768497,0.7248812196837324,0.4256337109210214,0.42096872005468106,0.20179152573924913,0.22824498436490906,0.0,0.0,-0.3762124478816986,-0.7524248957633972,-0.4984162151813507,-0.9968324303627014,0.028825044631958063,0.013186693191528362,-0.0032941699028015137,-0.026047468185424714,0.007170051336288452,0.0036988258361816523,0.007452070713043268,0.0037043988704681683,0.01899898052215576,-0.009668737649917537,-0.00347745418548584,-0.04022121429443354,-0.045651406049728394,-0.0687635540962219,0.030465900897979736,0.04755491018295284,0.00498956441879278,-0.010976284742355218,-0.002346813678741455,-0.06930881738662716,-0.07039228081703186,-0.07064050436019896,0.051071763038635254,0.08573955297470084,0.006809234619140625,-0.007484018802642874,-0.003145933151245117,-0.026831686496734616,-0.006310701370239202,-0.013180017471313402,-0.0016612410545349121,-0.014635920524597112,0.0025266706943511963,-0.0049833357334136035,-0.0032064318656921387,-0.008355259895324638,-0.011073887348174993,-0.007635980844497693,-0.0032172799110412598,0.0061157345771789395,0.006245285272598267,0.011435598134994366,0.006007671356201172,-0.002456247806549029,-0.01766267418861389,-0.013813942670822291,0.0015093684196472168,0.011470317840576116
0.0,0.0,0.4332665205001831,0.5170629024505615,0.46755990386009216,0.4956747591495514,0.4155404269695282,0.6022334694862366,0.0,0.0,0.3800165057182312,0.6088289618492126,0.0,0.0,0.44031211733818054,0.6520021557807922,0.46326112747192383,0.6372621059417725,0.3702833950519562,0.6285045742988586,0.392065167427063,0.6121181845664978,0.3846784234046936,0.7378720641136169,0.3958304822444916,0.7089641690254211,0.2675649003928111,0.0819205818607674,0.0,0.6237488615015959,0.0,0.3552945593816344,0.3795669861705038,0.22464858609151073,0.2526003256388223,0.0,0.0,0.0,0.3762124478816986,0.0,0.4984162151813507,0.0034926831722260077,-0.025332361459731993,0.003894805908203125,0.007188975811004625,0.02085152268409729,0.01368147134780889,0.0017435252666473944,-0.0057085454463958055,0.00040411949157720395,-0.018594861030578495,0.002045869827270508,0.005523324012756308,-0.435064822435379,-0.3894134163856507,-0.556402325630188,-0.5868682265281677,-0.001988053321838379,-0.006977617740631079,-0.004680275917053223,-0.0023334622383118227,-0.3939235210418701,-0.3235312402248383,-0.5800794959068298,-0.6311512589454651,0.00901058316230774,0.0022013485431671394,0.003751039505004883,0.006896972656249983,0.020254582166671753,0.026565283536910952,0.0024538040161132812,0.004115045070648181,0.0005435347557067871,-0.001983135938644313,-0.015606522560119629,-0.012400090694427528,0.009501218795776367,0.020575106143951267,-0.014822840690612793,-0.011605560779571592,-0.0009582638740538996,-0.007203549146652099,-0.0008432865142822266,-0.0068509578704833264,0.0034553706645965576,0.02111804485321036,-0.00013816356658935547,-0.0016475319862365556
0.0,0.0,0.4471774995326996,0.511743426322937,0.4792567491531372,0.4942852556705475,0.42726847529411316,0.5941347479820251,0.0,0.0,0.3916396200656891,0.5974000692367554,0.0,0.0,0.45399656891822815,0.6440610289573669,0.4769221544265747,0.6300344467163086,0.3768176734447479,0.6153489351272583,0.399969220161438,0.6062345504760742,0.3803008198738098,0.7268339395523071,0.39457011222839355,0.7103204131126404,0.28817247321098305,0.09185945211969242,0.0,0.6045609224864108,0.0,0.3766903954846288,0.42102026222958355,0.24149645401968828,0.23754695798254075,0.0,0.0,0.0,0.0,0.0,0.0,0.01391097903251648,0.010418295860290479,-0.005319476127624512,-0.009214282035827612,0.0116968452930451,-0.0091546773910521,-0.0013895034790039062,-0.003133028745651206,0.011728048324584961,0.01132392883300776,-0.008098721504211426,-0.010144591331481927,0.0,0.435064822435379,0.0,0.556402325630188,0.011623114347457886,0.013611167669296185,-0.011428892612457275,-0.006748616695404075,0.0,0.3939235210418701,0.0,0.5800794959068298,0.013684451580047663,0.004673868417739964,-0.007941126823425293,-0.011692166328430093,0.013661026954650934,-0.0065935552120207665,-0.007227659225463867,-0.009681463241577067,0.006534278392791748,0.005990743637085048,-0.013155639171600342,0.0024508833885192576,0.007904052734375,-0.0015971660614012995,-0.005883634090423584,0.008939206600189115,-0.004377603530883789,-0.0034193396568299892,-0.011038124561309814,-0.010194838047027614,-0.0012603700160980225,-0.004715740680694523,0.0013562440872192383,0.0014944076538085382
0.0,0.0,0.4554988443851471,0.5135229825973511,0.49304109811782837,0.49582532048225403,0.43302956223487854,0.5948742032051086,0.0,0.0,0.40352126955986023,0.5956622958183289,0.0,0.0,0.4547762870788574,0.6455036997795105,0.4809536933898926,0.631224513053894,0.3766801655292511,0.6166086196899414,0.40060746669769287,0.6070090532302856,0.37895575165748596,0.7293607592582703,0.3953777253627777,0.7118050456047058,0.2801119923589324,0.08403625822233927,0.0,0.5942781375502381,0.0,0.38077578515611565,0.4226927591133791,0.24041638964809908,0.2436952145258857,0.0,0.0,0.0,0.0,0.0,0.0,0.00832134485244751,-0.00558963418006889,0.0017795562744140625,0.007099032402038562,0.013784348964691162,0.0020875036716460627,0.001540064811706543,0.002929568290710443,0.005761086940765436,-0.005966961383819464,0.0007394552230834961,0.008838176727294896,0.0,0.0,0.0,0.0,0.011881649494171143,0.00025853514671334184,-0.0017377734184265137,0.009691119194030687,0.0,0.0,0.0,0.0,0.000779718160629328,-0.012904733419418273,0.0014426708221435547,0.009383797645568754,0.004031538963317871,-0.009629487991333029,0.0011900663375854492,0.00841772556304925,-0.00013750791549682617,-0.0066717863082885265,0.0012596845626831055,0.014415323734283406,0.0006382465362548828,-0.007265806198120117,0.0007745027542114258,0.006658136844634926,-0.0013450682163238525,0.003032535314559847,0.0025268197059631348,0.013564944267272935,0.0008076131343842108,0.0020679831504822107,0.0014846324920654297,0.0001283884048462298
0.4569365084171295,0.4650328755378723,0.46821102499961853,0.510114312171936,0.5087658762931824,0.49911272525787354,0.436964750289917,0.5872246026992798,0.0,0.0,0.40743356943130493,0.5975673794746399,0.0,0.0,0.4587200880050659,0.6402180194854736,0.48673200607299805,0.6282514333724976,0.37833666801452637,0.6203933358192444,0.40500351786613464,0.6149455904960632,0.37368059158325195,0.7317713499069214,0.39049962162971497,0.7184274792671204,0.3071900392308977,0.09936815279157843,0.0,0.729780311150492,0.0,0.43633128226478496,0.49295331878440285,0.22496511779070955,0.21601294504836305,0.49368601684175695,0.3747295734871218,0.4569365084171295,0.4569365084171295,0.4650328755378723,0.4650328755378723,0.012712180614471436,0.004390835762023936,-0.003408670425415039,-0.005188226699829039,0.01572477817535406,0.0019404292106629598,0.0032874047756195623,0.0017473399639130623,0.003935188055038508,-0.0018258988857268923,-0.007649600505828857,-0.008389055728912258,0.0,0.0,0.0,0.0,0.003912299871444758,-0.007969349622726342,0.0019050836563110352,0.003642857074737535,0.0,0.0,0.0,0.0,0.003943800926208496,0.003164082765579196,-0.005285680294036865,-0.006728351116180365,0.005778312683105469,0.0017467737197876688,-0.0029730796813964844,-0.004163146018981884,0.0016565024852752686,0.0017940104007720685,0.0037847161293029785,0.0025250315666198783,0.004396051168441828,0.003757804632187028,0.007936537265777588,0.007162034511566188,-0.005275160074233953,-0.003930091857910153,0.002410590648651123,-0.00011622905731197702,-0.004878103733062744,-0.0056857168674469445,0.006622433662414551,0.005137801170349151
0.48691871762275696,0.4659321904182434,0.4910804331302643,0.5152437090873718,0.5317204594612122,0.5128980875015259,0.4509861469268799,0.5719247460365295,0.0,0.0,0.436002254486084,0.5616557002067566,0.0,0.0,0.4670471251010895,0.6382474899291992,0.4949321746826172,0.6275047659873962,0.3895520567893982,0.6208187341690063,0.41782045364379883,0.6152961850166321,0.3682679533958435,0.7247259616851807,0.3823748230934143,0.7101123332977295,0.3300305556730338,0.1345487093702637,0.0,0.5047220046135894,0.0,0.4938954648102644,0.5638941101753571,0.20679190772851372,0.18459423162430907,0.5084491616128092,0.3464025060111779,0.02998220920562744,-0.4269542992115021,0.0008993148803710938,-0.4641335606575012,0.022869408130645807,0.010157227516174407,0.005129396915435791,0.008538067340850792,0.022954583168029785,0.007229804992675785,0.0137853622436524,0.0104979574680329,0.01402139663696289,0.01008620858192439,-0.015299856662750244,-0.007650256156921444,0.0,0.0,0.0,0.0,0.028568685054779108,0.024656385183334406,-0.0359116792678833,-0.0378167629241943,0.0,0.0,0.0,0.0,0.00832703709602356,0.00438323616981516,-0.001970529556274414,0.003315150737762386,0.008200168609619196,0.002421855926513796,-0.0007466673851013184,0.0022264122962950814,0.011215388774871882,0.009558886289596683,0.0004253983497619629,-0.003359317779540937,0.01281693577766424,0.00842088460922244,0.00035059452056884766,-0.007585942745208652,-0.005412638187408392,-0.00013747811317449139,-0.007045388221740723,-0.009455978870391823,-0.008124798536300604,-0.0032466948032379038,-0.00831514596939087,-0.014937579631805368
0.48730722069740295,0.4644456207752228,0.4907909035682678,0.5151805281639099,0.5314208269119263,0.5119665861129761,0.4512012004852295,0.5722556710243225,0.0,0.0,0.43633702397346497,0.5604453682899475,0.0,0.0,0.4672827422618866,0.6387742161750793,0.49519145488739014,0.6277767419815063,0.38952288031578064,0.6201706528663635,0.41789498925209045,0.614429235458374,0.3684377372264862,0.7244166731834412,0.38211190700531006,0.7097275257110596,0.32581838893067333,0.1332082163545287,0.0,0.479322015374791,0.0,0.4887767201092734,0.5599067841070927,0.20921519184511309,0.1860448581564379,0.49669541749991736,0.34411312875840266,0.0003885030746460516,-0.029593706130981348,-0.0014865696430206299,-0.00238588452339163,-0.00028952956199645996,-0.02315893769264226,-6.318092346191406e-05,-0.005192577838897614,-0.00029963254928588867,-0.023254215717315587,-0.0009315013885498047,-0.014716863632202204,0.00021505355834960938,-0.013806343078613191,0.00033092498779296875,0.01563078165054317,0.0,0.0,0.0,0.0,0.00033476948738098145,-0.02823391556739812,-0.001210331916809082,0.03470134735107422,0.0,0.0,0.0,0.0,0.00023561716079711914,-0.008091419935226381,0.000526726245880127,0.002497255802154527,0.0002592802047729492,-0.007940888404846152,0.0002719759941101074,0.0010186433792114076,-2.917647361755371e-05,-0.011244565248489354,-0.0006480813026428223,-0.0010734796524047223,7.453560829168149e-05,-0.012742400169372519,-0.0008669495582580566,-0.0012175440788268566,0.0001697838306427002,0.005582422018051,-0.00030928850173950195,0.006736099720001198,-0.00026291608810424805,0.007861882448196352,-0.0003848075866699219,0.007930338382720878
0.49580472707748413,0.47515803575515747,0.49897080659866333,0.5196796655654907,0.5350144505500793,0.526473879814148,0.45502233505249023,0.5571191310882568,0.0,0.0,0.43832215666770935,0.5612651109695435,0.0,0.0,0.47263801097869873,0.6394782662391663,0.4957811236381531,0.6321369409561157,0.4021729826927185,0.6296960711479187,0.4186493456363678,0.6248806118965149,0.37611275911331177,0.7154261469841003,0.3847944438457489,0.698723554611206,0.3987613791785175,0.20653071673047482,0.0,0.852860311983737,0.0,0.5500263232166057,0.6069762136701391,0.19386359466809722,0.19115652013352438,0.5819034413180604,0.35764036940216287,0.008497506380081232,0.008109003305435233,0.010712414979934692,0.012198984622955293,0.008179903030395508,0.008469432592391907,0.0044991374015808105,0.004562318325042725,0.003593623638153076,0.0038932561874388764,0.014507293701171875,0.015438795089721674,0.003821134567260742,0.0036060810089111424,-0.015136539936065674,-0.015467464923858573,0.0,0.0,0.0,0.0,0.0019851326942444403,0.0016503632068635404,0.0008197426795959473,0.0020300745964049473,0.0,0.0,0.0,0.0,0.005355268716812134,0.005119651556015034,0.0007040500640869141,0.0001773238182068141,0.000589668750762995,0.00033038854599009497,0.004360198974609375,0.004088222980499275,0.012650102376937922,0.012679278850555475,0.009525418281555176,0.010173499584197975,0.0007543563842773993,0.0006798207759857178,0.01045137643814087,0.011318325996398869,0.0076750218868255615,0.007505238056182861,-0.00899052619934082,-0.00868123769760132,0.0026825368404388983,0.002945452928543098,-0.011003971099853516,-0.010619163513183616
0.5062643885612488,0.47839784622192383,0.5162707567214966,0.5242024064064026,0.5429114699363708,0.5238143801689148,0.47252023220062256,0.5514149069786072,0.5065405368804932,0.563529372215271,0.4575580954551697,0.542773962020874,0.4718516170978546,0.5376575589179993,0.4847347140312195,0.6357326507568359,0.5022212266921997,0.6242122054100037,0.4068576693534851,0.6249701380729675,0.4219449758529663,0.6160163879394531,0.3717396557331085,0.7248537540435791,0.38004937767982483,0.7064457535743713,0.34277480855651576,0.23516685009054178,0.1134510178963777,0.6561742697729784,0.5320386945157283,0.563904239165817,0.6057149708056047,0.17980795050650886,0.17331938058955498,0.5638258415503028,0.271279998541551,0.010459661483764704,0.0019621551036835046,0.003239810466766413,-0.0074726045131681875,0.017299950122833307,0.009120047092437808,0.004522740840911865,2.3603439331065096e-05,0.007897019386291504,0.004303395748138504,-0.0026594996452331543,-0.017166793346404953,0.01749789714813238,0.01367676258087168,-0.005704224109649658,0.009432315826415941,0.5065405368804932,0.5065405368804932,0.563529372215271,0.563529372215271,0.019235938787460383,0.017250806093215984,-0.018491148948669434,-0.019310891628265332,0.4718516170978546,0.4718516170978546,0.5376575589179993,0.5376575589179993,0.012096703052520807,0.0067414343357087075,-0.0037456154823303223,-0.0044496655464172225,0.006440103054046631,0.005850434303283731,-0.00792473554611206,-0.012284934520721361,0.0046846866607666016,-0.007965415716171298,-0.004725933074951172,-0.014251351356506271,0.0032956302165985107,0.002541273832321211,-0.008864223957061768,-0.019315600395202567,-0.0043731033802031916,-0.01204812526702869,0.00942760705947876,0.01841813325881956,-0.004745066165924072,-0.007427603006362872,0.007722198963165283,0.018726170063018785
0.5137189030647278,0.48426565527915955,0.5307894945144653,0.52524334192276,0.5424953699111938,0.5199884176254272,0.48616692423820496,0.5471042394638062,0.5038701295852661,0.5487538576126099,0.463236540555954,0.5452510118484497,0.47616156935691833,0.5324753522872925,0.49771109223365784,0.6283335089683533,0.5052098631858826,0.6141182780265808,0.4244981110095978,0.623468816280365,0.4311821460723877,0.6091457009315491,0.37443503737449646,0.7178226709365845,0.37926164269447327,0.692309558391571,0.2409242756567012,0.2561647136904556,0.1761939259065483,0.8293270462015744,0.6271664570005149,0.6341579723165375,0.6563016205461981,0.14485143272474282,0.14549970312007732,0.49133227908824884,0.11928941438354018,0.007454514503479004,-0.0030051469802856966,0.005867809057235773,0.0026279985904693734,0.01451873779296875,-0.0027812123298645505,0.0010409355163574219,-0.0034818053245543783,-0.00041610002517700195,-0.008313119411468502,-0.003825962543487549,-0.0011664628982544487,0.013646692037582453,-0.003851205110549847,-0.004310667514801025,0.0013935565948485747,-0.0026704072952270508,-0.5092109441757202,-0.014775514602661133,-0.5783048868179321,0.005678445100784302,-0.013557493686675998,0.0024770498275756836,0.020968198776245082,0.004309952259063721,-0.4675416648387909,-0.005182206630706787,-0.542839765548706,0.012976378202438354,0.000879675149917554,-0.007399141788482666,-0.003653526306152366,0.0029886364936828613,-0.0034514665603637383,-0.010093927383422852,-0.0021691918373108517,0.01764044165611267,0.012955754995346071,-0.001501321792602539,0.003224611282348561,0.009237170219421387,0.005941540002822886,-0.006870687007904053,0.001993536949157647,0.0026953816413879395,0.007068485021591039,-0.007031083106994629,-0.01645869016647333,-0.000787734985351507,0.003957331180572493,-0.014136195182800293,-0.021858394145965493
0.5143963098526001,0.48331543803215027,0.530771791934967,0.5245967507362366,0.5435425639152527,0.5198715329170227,0.4866298735141754,0.5468193888664246,0.5040540099143982,0.5495752096176147,0.46271634101867676,0.5437291860580444,0.47483766078948975,0.5319607853889465,0.49725791811943054,0.6286159753799438,0.5055567622184753,0.6146107316017151,0.4239056408405304,0.6239385604858398,0.43116798996925354,0.6100633144378662,0.3749709129333496,0.7177860736846924,0.3795956075191498,0.6927173733711243,0.2591080686182052,0.25232934272369667,0.17333765068055665,0.8106359825884979,0.6220196888308904,0.6327232882740215,0.6581340549867687,0.1464564076762508,0.1457515060964813,0.507403610727355,0.13289967681047815,0.0006774067878723145,-0.006777107715606685,-0.0009502172470092218,-0.006818026304244922,-1.7702579498291016e-05,-0.01453644037246699,-0.0006465911865234375,-0.0016875267028808375,0.0010471940040588379,0.001463294029235838,-0.00011688470840454102,0.003709077835082959,0.0004629492759705145,-0.013183742761611885,-0.0002848505973815918,0.0040258169174194084,0.00018388032913208008,0.00285428762435908,0.0008213520050048828,0.015596866607665983,-0.0005201995372772217,-0.006198644638061522,-0.0015218257904052734,-0.003998875617980874,-0.0013239085674285334,-0.005633860826492233,-0.0005145668983459473,0.004667639732360753,-0.0004531741142272394,-0.01342955231666554,0.00028246641159057617,0.007681608200073176,0.00034689903259277344,-0.0026417374610900267,0.0004924535751342773,0.010586380958557077,-0.0005924701690673828,-0.018232911825179984,0.0004697442054748535,0.0019710659980773535,-1.4156103134155273e-05,-0.009251326322555455,0.0009176135063171387,0.0077883005142211385,0.0005358755588532049,-0.002159506082534695,-3.6597251892089844e-05,0.0069944858551025104,0.0003339648246765692,0.0011216998100280692,0.00040781497955322266,0.014544010162353422
0.545633852481842,0.4990778863430023,0.5516437292098999,0.5498760342597961,0.5602524876594543,0.5487990975379944,0.5068248510360718,0.5655744671821594,0.5172719359397888,0.5753136873245239,0.4654100239276886,0.5526453852653503,0.4747604429721832,0.540342390537262,0.5023612380027771,0.6279624104499817,0.5070865154266357,0.6156278848648071,0.4344964623451233,0.6289759874343872,0.44029465317726135,0.626456081867218,0.379224956035614,0.6922107338905334,0.3875305652618408,0.691092848777771,0.2593993187260008,0.21355177890814778,0.11014164517709012,0.7964384099607223,0.6049326636074591,0.7333963858566412,0.7690774099058835,0.11827940213345918,0.1028561505320752,0.4978705979320212,0.013345466307832867,0.031237542629241943,0.030560135841369643,0.015762448310852106,0.016712665557861307,0.02087193727493286,0.020889639854431152,0.02527928352355957,0.02592587471008297,0.01670992374420166,0.01566272974014286,0.02892756462097168,0.02904444932937618,0.020194977521896362,0.01973202824592586,0.018755078315734863,0.019039928913116365,0.013217926025390625,0.013034045696258625,0.02573847770690918,0.02491712570190438,0.0026936829090118963,0.0032138824462890963,0.008916199207305908,0.010438024997711109,-7.721781730646304e-05,0.001246690750122037,0.00838160514831543,0.00889617204666133,0.005103319883346613,0.0055564939975738135,-0.0006535649299621582,-0.0009360313415526583,0.0015297532081604004,0.0011828541755677005,0.001017153263092041,0.000524699687957841,0.010590821504592896,0.011183291673660195,0.005037426948547363,0.0045676827430725635,0.009126663208007868,0.009140819311142023,0.016392767429351807,0.015475153923034706,0.004254043102264404,0.003718167543411204,-0.025575339794158936,-0.025538742542266846,0.00793495774269104,0.00760099291801454,-0.0016245245933532715,-0.0020323395729064716
0.5603440999984741,0.5124381184577942,0.5772852301597595,0.5682172179222107,0.5403972864151001,0.5465630888938904,0.5790528655052185,0.606491208076477,0.4921706020832062,0.5616816878318787,0.5683354139328003,0.6065889000892639,0.4646433889865875,0.5477724075317383,0.5138128995895386,0.6326030492782593,0.49256226420402527,0.6138009428977966,0.44610658288002014,0.6247187256813049,0.4319312572479248,0.621000349521637,0.3869068920612335,0.6850078105926514,0.39108625054359436,0.6924207806587219,0.4264220906313627,0.2624161254739964,0.20647283850322948,0.4882110898361647,0.7543732908203896,0.7101973811901383,0.7029816959978951,0.12824774926932195,0.12482096362714874,0.23717514653631872,0.3870337518274114,0.01471024751663208,-0.01652729511260982,0.01336023211479187,-0.0024022161960602292,0.02564150094985962,0.00476956367492682,0.01834118366241455,-0.00693809986114495,-0.019855201244354248,-0.03656512498855585,-0.002236008644104004,-0.031163573265075604,0.07222801446914673,0.05203303694725043,0.04091674089431763,0.022161662578582826,-0.02510133385658264,-0.03831925988197324,-0.013631999492645264,-0.03937047719955436,0.1029253900051117,0.1002317070960999,0.053943514823913574,0.04502731561660767,-0.010117053985595703,-0.01003983616828924,0.007430016994476318,-0.0009515881538390818,0.011451661586761475,0.0063483417034148745,0.004640638828277588,0.005294203758239688,-0.014524251222610474,-0.016054004430770874,-0.001826941967010498,-0.0028440952301024983,0.01161012053489685,0.0010192990303040505,-0.004257261753082275,-0.009294688701629576,-0.008363395929336492,-0.01749005913734429,-0.005455732345581055,-0.021848499774932854,0.007681936025619507,0.003427892923355107,-0.00720292329788208,0.01837241649627682,0.00355568528175354,-0.00437927246093746,0.0013279318809509277,0.0029524564743041277
0.5696285963058472,0.5017186403274536,0.5781421065330505,0.5656246542930603,0.5628831386566162,0.5435566306114197,0.5451732873916626,0.5866104364395142,0.5203835368156433,0.5518538355827332,0.5027436017990112,0.5392312407493591,0.4966832995414734,0.5305907130241394,0.509334921836853,0.6370381712913513,0.4996682107448578,0.6153553128242493,0.43768811225891113,0.618003249168396,0.4342285990715027,0.602031409740448,0.38476333022117615,0.692339301109314,0.39423027634620667,0.6818755865097046,0.35814987627738215,0.07548169701944785,0.20883822997694068,0.552041003499132,0.7058644988959967,0.6142839976017004,0.5838907668043727,0.17006950545127164,0.17301986408780978,0.15040976579471674,0.2669138244856573,0.009284496307373047,-0.005425751209258953,-0.010719478130340576,-0.024079710245132377,0.0008568763732910156,-0.024784624576568583,-0.0025925636291503906,-0.02093374729156489,0.022485852241516113,0.04234105348587031,-0.003006458282470703,-0.0007704496383667031,-0.03387957811355591,-0.10610759258270261,-0.01988077163696289,-0.06079751253128049,0.028212934732437134,0.053314268589019734,-0.009827852249145508,0.0038041472434996917,-0.06559181213378906,-0.16851720213890076,-0.06735765933990479,-0.12130117416381828,0.032039910554885864,0.04215696454048157,-0.017181694507598877,-0.024611711502075178,-0.004477977752685547,-0.015929639339446945,0.004435122013092041,-0.00020551681518545927,0.007105946540832575,0.021630197763442976,0.0015543699264526367,0.0033813118934630368,-0.008418470621108953,-0.020028591156005755,-0.0067154765129089355,-0.0024582147598267356,0.002297341823577881,0.010660737752914281,-0.018968939781188965,-0.013513207435607966,-0.002143561840057373,-0.009825497865676873,0.007331490516662598,0.014534413814544598,0.00314402580261236,-0.00041165947914113994,-0.010545194149017334,-0.011873126029968234
0.5826600790023804,0.5234934091567993,0.5833548307418823,0.5692408084869385,0.5706990361213684,0.5478174090385437,0.564391016960144,0.5758898258209229,0.5271908640861511,0.5558844208717346,0.5427640080451965,0.5295290350914001,0.4984143078327179,0.5396437048912048,0.5123610496520996,0.6275137066841125,0.5052608251571655,0.6065748929977417,0.4421260356903076,0.6347988247871399,0.43699416518211365,0.618209719657898,0.39549195766448975,0.6774208545684814,0.40110671520233154,0.6662254333496094,0.370981005322295,0.11143469255877386,0.17453766901819548,0.5315959006550369,0.7780924855776994,0.797197360340178,0.7580384904974925,0.10723409082062565,0.13013774315260218,0.1650124879703763,0.2932395099362634,0.013031482696533203,0.003746986389160203,0.021774768829345703,0.0324942469596862,0.005212724208831787,0.004355847835540787,0.003616154193878174,0.006208717823028474,0.007815897464752197,-0.014669954776763902,0.0042607784271240234,0.007267236709594723,0.019217729568481445,0.05309730768203735,-0.010720610618591309,0.009160161018371492,0.0068073272705078125,-0.021405607461929287,0.004030585289001465,0.013858437538146964,0.0400204062461853,0.1056122183799743,-0.009702205657958984,0.05765545368194572,0.0017310082912445068,-0.030308902263641295,0.00905299186706543,0.02623468637466423,0.003026127815246582,0.007504105567932082,-0.00952446460723877,-0.013959586620330769,0.005592614412307739,-0.0015133321285247603,-0.008780419826507568,-0.010334789752960169,0.00443792343139654,0.01285639405250544,0.016795575618743896,0.023511052131652797,0.002765566110610962,0.0004682242870331617,0.01617830991744995,0.03514724969863885,0.010728627443313654,0.012872189283370954,-0.01491844654083252,-0.02224993705749502,0.0068764388561249334,0.0037324130535126335,-0.015650153160095215,-0.0051049590110779156
0.579302191734314,0.5169397592544556,0.584906280040741,0.5658003091812134,0.5684117078781128,0.546398937702179,0.5732076168060303,0.5653597712516785,0.5259114503860474,0.5534582734107971,0.5595355033874512,0.5098415017127991,0.4996795356273651,0.5380611419677734,0.5144729018211365,0.6271287798881531,0.5054479241371155,0.6065712571144104,0.44404685497283936,0.6313298344612122,0.43824759125709534,0.6144094467163086,0.3946214020252228,0.6803419589996338,0.4001314043998718,0.6681872606277466,0.4117712815817511,0.24002027236536358,0.19039197813640366,0.5888396654498576,0.7786550500939624,0.7703018874273947,0.7332266692662491,0.11565864389116606,0.13523371187295713,0.18792997617002463,0.30095703036776655,-0.0033578872680664062,-0.016389369964599606,-0.00655364990234375,-0.02832841873168945,0.0015514492988586426,-0.003661274909973058,-0.0034404993057250977,-0.007056653499603198,-0.0022873282432556152,-0.010103225708007715,-0.001418471336364746,-0.005679249763488746,0.00881659984588623,-0.01040112972259517,-0.010530054569244385,0.00019055604934691515,-0.0012794137001037598,-0.00808674097061156,-0.0024261474609375,-0.0064567327499389,0.01677149534225464,-0.023248910903930664,-0.019687533378601074,-0.009985327720642175,0.0012652277946472168,-0.0004657804965972831,-0.0015825629234313965,-0.010635554790496797,0.0021118521690368652,-0.0009142756462096348,-0.00038492679595947266,0.009139537811279227,0.00018709897994995117,-0.005405515432357749,-3.635883331298828e-06,0.008776783943176202,0.0019208192825317383,-0.0025171041488647617,-0.0034689903259277344,-0.020264565944671534,0.001253426074981745,-0.001512140035629155,-0.0038002729415893555,-0.019978582859039255,-0.0008705556392669123,-0.011599183082580513,0.0029211044311523438,0.017839550971984842,-0.0009753108024596613,-0.00785174965858456,0.001961827278137207,0.017611980438232408
0.5776957869529724,0.5262934565544128,0.5845984220504761,0.5807926654815674,0.5693857073783875,0.5497052669525146,0.5564129948616028,0.5903365612030029,0.5297761559486389,0.5422718524932861,0.5434485077857971,0.5364894866943359,0.5341018438339233,0.527084469795227,0.5145116448402405,0.6396465301513672,0.5042760372161865,0.6157791614532471,0.4415816366672516,0.6253069043159485,0.4382706880569458,0.6085599660873413,0.3851670026779175,0.6877402663230896,0.3919309377670288,0.6791063547134399,0.31923745084404387,0.11841373300406062,0.3113891003233303,0.471280558168364,0.4707268692128136,0.6720955175327595,0.6503215812638469,0.1527925159592785,0.15161687763509593,0.10475864255057132,0.29082213119778655,-0.0016064047813415527,0.0017514824867248474,0.009353697299957275,0.015907347202300977,-0.0003078579902648926,-0.0018593072891234927,0.014992356300354004,0.018432855606079004,0.0009739995002746582,0.0032613277435302583,0.0033063292503356934,0.0047248005867003935,-0.01679462194442749,-0.02561122179031369,0.024976789951324463,0.035506844520568764,0.0038647055625915527,0.005144119262695253,-0.011186420917510986,-0.008760273456573486,-0.016086995601654053,-0.03285849094390865,0.026647984981536865,0.04633551836013787,0.03442230820655823,0.033157080411911025,-0.010976672172546387,-0.009394109249115087,3.8743019104003906e-05,-0.0020731091499327963,0.012517750263214111,0.012902677059173511,-0.001171886920928955,-0.001358985900878855,0.00920790433883667,0.009211540222167969,-0.002465218305587713,-0.004386037588119413,-0.006022930145263672,-0.0025539398193359718,2.309679985051938e-05,-0.0012303292751311807,-0.005849480628967285,-0.002049207687377985,-0.009454399347305298,-0.008583843708038398,0.0073983073234558105,0.00447720289230351,-0.008200466632843018,-0.007225155830383418,0.01091909408569336,0.00895726680755616
0.5879003405570984,0.5319157242774963,0.5924603939056396,0.5797885656356812,0.584666907787323,0.5468072891235352,0.5645752549171448,0.6004725694656372,0.5519075393676758,0.5392876267433167,0.5386983752250671,0.5482835173606873,0.5499978065490723,0.522322952747345,0.5255478024482727,0.641307532787323,0.5196103453636169,0.6160107851028442,0.4430769681930542,0.6290228366851807,0.44444113969802856,0.6123285293579102,0.3887055218219757,0.6866592168807983,0.3979293704032898,0.678747296333313,0.25180624495119414,0.033493167644535506,0.33165004814700716,0.4433729677611604,0.6075037232358856,0.6936554279133545,0.678879688290022,0.1574091252894862,0.15401322342578766,0.04363294670310562,0.23828752259182479,0.010204553604125977,0.011810958385467477,0.005622267723083496,-0.0037314295768737047,0.007861971855163574,0.008169829845428375,-0.0010040998458862305,-0.01599645614624023,0.015281200408935547,0.014307200908660948,-0.002897977828979492,-0.006204307079315092,0.008162260055541992,0.024956881999969392,0.010136008262634277,-0.014840781688690123,0.022131383419036865,0.018266677856445365,-0.0029842257499694824,0.008202195167541417,-0.0047501325607299805,0.01133686304092402,0.011794030666351318,-0.014853954315185481,0.015895962715148926,-0.018526345491409274,-0.00476151704788208,0.00621515512466422,0.011036157608032227,0.010997414588928223,0.0016610026359558105,-0.010856747627258289,0.01533430814743042,0.01650619506835932,0.00023162364959716797,-0.008976280689239433,0.0014953315258026123,0.003960549831390312,0.0037159323692321777,0.009738862514495777,0.006170451641082764,0.006147354841232244,0.0037685632705688477,0.009618043899536048,0.0035385191440582275,0.012992918491363428,-0.0010810494422912598,-0.00847935676574706,0.005998432636260986,0.014198899269103987,-0.0003590583801269531,-0.011278152465820254
0.5947266221046448,0.5361721515655518,0.5885070562362671,0.5823410749435425,0.5897760987281799,0.5617705583572388,0.5643676519393921,0.5806322693824768,0.5590869784355164,0.5466539263725281,0.5556410551071167,0.5233551859855652,0.5629597902297974,0.5033092498779297,0.5156073570251465,0.6316578984260559,0.5153281688690186,0.6134096384048462,0.44414663314819336,0.6323655843734741,0.45035532116889954,0.6266214847564697,0.4118559956550598,0.670508623123169,0.4147823452949524,0.6707764863967896,0.2398450939877415,0.21182003443138306,0.33872125624406463,0.5706221395304151,0.6173213262380982,0.7267641116434902,0.7797239409407177,0.16233855283798188,0.119092415759742,0.023011541548764787,0.22511994758687603,0.006826281547546387,-0.0033782720565795135,0.00425642728805542,-0.00136584043502798,-0.003953337669372559,-0.011815309524536058,0.002552509307861328,0.0035566091537475282,0.005109190940856934,-0.010172009468078566,0.014963269233703613,0.017861247062683012,-0.00020760297775268555,-0.008369863033294586,-0.0198403000831604,-0.0299763083457946,0.007179439067840576,-0.014951944351196223,0.007366299629211426,0.010350525379180825,0.01694267988204956,0.02169281244277946,-0.02492833137512207,-0.03672236204147337,0.012961983680725098,-0.002933979034423804,-0.019013702869415283,-0.014252185821533283,-0.00994044542312622,-0.02097660303115842,-0.00964963436126709,-0.01131063699722289,-0.004282176494598389,-0.019616484642028788,-0.002601146697998047,-0.0028327703475951468,0.0010696649551391602,-0.0004256665706634398,0.003342747688293457,-0.0003731846809386431,0.005914181470871027,-0.00025627017021167316,0.01429295539855957,0.010524392127990771,0.023150473833084106,0.019611954689025907,-0.016150593757629395,-0.015069544315338194,0.016852974891662598,0.010854542255401698,-0.007970809936523438,-0.007611751556396537
0.5918174386024475,0.5345239639282227,0.5880146622657776,0.587222695350647,0.5893526673316956,0.5579435229301453,0.5553092360496521,0.5911024808883667,0.5532614588737488,0.5387204885482788,0.5456947088241577,0.5333025455474854,0.556495189666748,0.5061853528022766,0.5170367956161499,0.640483558177948,0.5173123478889465,0.6190439462661743,0.4470425546169281,0.6355692744255066,0.45255592465400696,0.626419723033905,0.4052700996398926,0.6789600253105164,0.4108463227748871,0.6785672903060913,0.21447838242703743,0.1673266965690069,0.3796861256175009,0.5148828647573856,0.624248481899613,0.7216402417061821,0.7508452718961899,0.15051242898102418,0.12298356282008327,0.008393642291737223,0.19153364327310057,-0.0029091835021972656,-0.009735465049743566,-0.0016481876373291016,-0.0059046149253845015,-0.000492393970489502,0.0034609436988829977,0.004881620407104492,0.0023291110992431923,-0.000423431396484375,-0.005532622337341275,-0.003827035427093506,-0.018790304660797105,-0.00905841588973999,-0.00885081291198739,0.010470211505889893,0.030310511589050293,-0.005825519561767578,-0.013004958629608078,-0.007933437824249268,-0.015299737453460667,-0.009946346282958984,-0.026889026165008486,0.009947359561920166,0.03487569093704217,-0.006464600563049316,-0.019426584243774317,0.002876102924346924,0.021889805793762124,0.001429438591003418,0.011369884014129618,0.00882565975189209,0.01847529411315909,0.0019841790199279785,0.006266355514526279,0.005634307861328125,0.008235454559326125,0.0028959214687347967,0.0018262565135956966,0.0032036900520324707,-0.00013905763626092908,0.0022006034851074774,-0.003713577985763523,-0.00020176172256469727,-0.014494717121124196,-0.006585896015167236,-0.029736369848251336,0.008451402187347412,0.024601995944976713,-0.003936022520065308,-0.020788997411727808,0.007790803909301758,0.015761613845825157
0.59166419506073,0.5353906154632568,0.5908204913139343,0.5922920107841492,0.5824685096740723,0.5574716329574585,0.5685698390007019,0.597030520439148,0.5561397671699524,0.5369533896446228,0.5554381012916565,0.5314162373542786,0.5609228610992432,0.5037333369255066,0.5186381340026855,0.6447189450263977,0.5116347670555115,0.6203407049179077,0.4428066313266754,0.6388689279556274,0.44284316897392273,0.6264474987983704,0.4066917896270752,0.660754919052124,0.41122204065322876,0.6587647199630737,0.2759855626927374,0.1331623598993889,0.44178084629582826,0.4960847134666471,0.6652020581620556,0.802068521148027,0.7747179649824217,0.12813518975373783,0.13713256206399796,0.07965324736067012,0.2764960330074492,-0.0001532435417175293,0.002755939960479671,0.0008666515350341797,0.0025148391723632795,0.0028058290481567383,0.0032982230186462385,0.005069315433502197,0.00018769502639779702,-0.006884157657623291,-0.006460726261138991,-0.0004718899726867676,0.003355145454406732,0.013260602951049805,0.022319018840789705,0.00592803955078125,-0.004542171955108551,0.0028783082962036133,0.008703827857971113,-0.0017670989036560059,0.006166338920593194,0.00974339246749878,0.01968973875045768,-0.0018863081932067871,-0.011833667755126887,0.004427671432495117,0.010892271995544416,-0.0024520158767700195,-0.005328118801116919,0.0016013383865356445,0.00017189979553224456,0.004235386848449707,-0.004590272903442293,-0.005677580833435059,-0.007661759853362959,0.0012967586517333984,-0.004337549209594701,-0.0042359232902526855,-0.007131844758987385,0.0032996535301208496,9.59634780884496e-05,-0.009712755680084173,-0.011913359165191574,2.777576446533203e-05,0.00022953748702993204,0.0014216899871826172,0.008007586002349817,-0.018205106258392334,-0.026656508445739732,0.0003757178783416748,0.004311740398406975,-0.019802570343017578,-0.027593374252319277
0.5893901586532593,0.5301719307899475,0.5912920832633972,0.5946332812309265,0.5872050523757935,0.5608968734741211,0.5678638219833374,0.6196596026420593,0.5590586066246033,0.5412275195121765,0.5478130578994751,0.5619767904281616,0.5612082481384277,0.49912071228027344,0.52765953540802,0.6544882655143738,0.5239278674125671,0.631914496421814,0.446938693523407,0.6327959299087524,0.45335084199905396,0.6301524639129639,0.41743478178977966,0.6650037169456482,0.42221349477767944,0.6783273220062256,0.21873987272457293,0.020228510014242397,0.4624746638305829,0.34599267725672517,0.6779120073901205,0.6524962832944128,0.6747003106739285,0.23366254875176817,0.18109064212991982,0.028985991950409358,0.1988548089228081,-0.002274036407470703,-0.0021207928657532033,-0.005218684673309326,-0.006085336208343426,0.0004715919494628906,-0.0023342370986938095,0.0023412704467773438,-0.0027280449867247564,0.004736542701721191,0.011620700359344392,0.0034252405166625977,0.0038971304893492976,-0.000706017017364502,-0.013966619968414301,0.022629082202911377,0.016701042652130176,0.002918839454650879,4.053115844727907e-05,0.004274129867553711,0.006041228771209711,-0.0076250433921813965,-0.017368435859680096,0.030560553073883057,0.032446861267089754,0.0002853870391845703,-0.0041422843933105295,-0.004612624645233154,-0.0021606087684631543,0.009021401405334473,0.007420063018798872,0.009769320487976074,0.005533933639526374,0.012293100357055664,0.017970681190490664,0.01157379150390625,0.01027703285217295,0.004132062196731567,0.008367985486984166,-0.006072998046875,-0.009372651576995801,0.010507673025131281,0.02022042870521538,0.003704965114593506,0.003677189350128174,0.010742992162704468,0.009321302175521868,0.00424879789352417,0.02245390415191647,0.010991454124450739,0.010615736246109139,0.019562602043151855,0.03936517238616935
0.5922178030014038,0.5553750395774841,0.5818629264831543,0.603927493095398,0.5999859571456909,0.5701284408569336,0.5517462491989136,0.6360799074172974,0.5703533291816711,0.5523584485054016,0.5290582180023193,0.594241738319397,0.5593295097351074,0.5134795308113098,0.5227778553962708,0.6604450345039368,0.533737063407898,0.6383368372917175,0.4417407512664795,0.6255053877830505,0.46056175231933594,0.6218381524085999,0.393854558467865,0.6811882257461548,0.41146960854530334,0.687642514705658,0.06847582346477955,0.017471153712045162,0.42658369246294037,0.3977646787969316,0.7598911503861031,0.5965073543283801,0.6334344929864486,0.22313769769588948,0.17396445368705032,0.08978316797056424,0.039402386134200065,0.0028276443481445312,0.005101680755615231,0.02520310878753662,0.03042179346084592,-0.00942915678024292,-0.00990074872970572,0.009294211864471436,0.006952941417694135,0.012780904769897461,0.00804436206817636,0.0092315673828125,0.0058063268661499995,-0.016117572784423828,-0.015411555767059328,0.016420304775238037,-0.0062087774276732635,0.011294722557067871,0.008375883102417072,0.011130928993225098,0.006856799125671398,-0.01875483989715576,-0.011129796504974462,0.03226494789123535,0.0017043948173523504,-0.0018787384033203125,-0.0021641254425048126,0.014358818531036432,0.01897144317626953,-0.004881680011749268,-0.013903081417083667,0.005956768989562988,-0.0038125514984130113,0.00980919599533081,-0.0024839043617247893,0.0064223408699035645,-0.005151450634002635,-0.00519794225692749,-0.00933000445365899,-0.007290542125701904,-0.0012175440788269043,0.007210910320282038,-0.0032967627048491616,-0.008314311504364014,-0.012019276618957513,-0.023580223321914617,-0.034323215484619016,0.016184508800506592,0.011935710906982491,-0.010743886232376043,-0.02173534035682674,0.009315192699432373,-0.010247409343719427
0.5902150869369507,0.5431616306304932,0.5877215266227722,0.6054361462593079,0.597293496131897,0.5634898543357849,0.5560239553451538,0.6483210325241089,0.5676355361938477,0.544660210609436,0.5244346857070923,0.603864312171936,0.5577982664108276,0.510391891002655,0.5256358981132507,0.6660215854644775,0.5308247208595276,0.6398122310638428,0.4421844184398651,0.6256827712059021,0.45593881607055664,0.6177087426185608,0.3938619792461395,0.6842542290687561,0.40907418727874756,0.6889278292655945,0.12274702143326444,0.0512854522142971,0.45199306763225694,0.3992524485139442,0.7690453817870976,0.5762499464974342,0.593898304061119,0.23666217315224594,0.19268871559458986,0.058675384841367015,0.09183052252923124,-0.002002716064453125,-0.004830360412597625,-0.012213408946990967,-0.03741651773452757,0.00585860013961792,0.01528775691986082,0.0015086531639099121,-0.007785558700561489,-0.0026924610137939453,-0.015473365783691346,-0.006638586521148682,-0.01587015390396118,0.004277706146240234,0.020395278930664035,0.012241125106811523,-0.0041791796684264755,-0.0027177929878234863,-0.014012515544891286,-0.007698237895965576,-0.018829166889190577,-0.004623532295227051,0.014131307601928648,0.009622573852539062,-0.02264237403869624,-0.0015312433242797852,0.00034749507904051477,-0.003087639808654785,-0.017446458339691183,0.0028580427169799805,0.00773972272872918,0.0055765509605407715,-0.0003802180290221283,-0.0029123425483703613,-0.012721538543701161,0.0014753937721252441,-0.004946947097778256,0.0004436671733856201,0.00564160943031302,0.0001773834228515625,0.0074679255485534625,-0.004622936248779241,-0.011833846569061241,-0.0041294097900390625,0.004184901714324937,7.420778274536133e-06,0.023587644100189136,0.0030660033226013184,-0.013118505477905183,-0.0023954212665557306,0.008348464965820269,0.0012853145599365234,-0.008029878139495777
0.5862302780151367,0.5378695726394653,0.577342689037323,0.6063148379325867,0.599464476108551,0.5701121687889099,0.5402213335037231,0.6424447894096375,0.570105791091919,0.5511049032211304,0.5206988453865051,0.613987922668457,0.5628228783607483,0.5147175192832947,0.5184599757194519,0.6727572083473206,0.5320315361022949,0.6502059102058411,0.4400627017021179,0.61656254529953,0.46142736077308655,0.6129961013793945,0.39229536056518555,0.6791996359825134,0.4137100279331207,0.6859630942344666,0.03806831912015304,0.023485171324512593,0.46013761933622427,0.44570559884248007,0.7457655834196558,0.5094255731260597,0.5299603709956636,0.27637495565924164,0.22223334975736894,0.13349304315638041,0.024244412620959846,-0.003984808921813965,-0.001982092857360865,-0.005292057991027832,0.006921350955963067,-0.010378837585449219,-0.016237437725067118,0.0008786916732788086,-0.0006299614906310914,0.0021709799766540527,0.004863440990447953,0.006622314453125,0.0132609009742736,-0.015802621841430664,-0.020080327987670864,-0.0058762431144714355,-0.018117368221282935,0.002470254898071289,0.005188047885894689,0.006444692611694336,0.014142930507659836,-0.003735840320587158,0.0008876919746398414,0.010123610496520996,0.000501036643981996,0.005024611949920654,0.0065558552742003545,0.0043256282806396484,0.007413268089294349,-0.007175922393798828,-0.010033965110778729,0.006735622882843018,0.0011590719223023172,0.001206815242767334,0.004119157791137635,0.010393679141998291,0.008918285369873092,-0.0021217167377471924,-0.0025653839111327926,-0.00912022590637207,-0.00929760932922357,0.005488544702529963,0.010111480951309162,-0.00471264123916626,-0.0005832314491272597,-0.0015666186809539795,-0.0015740394592285156,-0.005054593086242676,-0.008120596408843977,0.0046358406543732245,0.007031261920928924,-0.0029647350311279297,-0.00425004959106443
0.0,0.0,0.5705037713050842,0.5787777304649353,0.6039037108421326,0.6098943948745728,0.5447385311126709,0.5506771206855774,0.5685548782348633,0.620771586894989,0.555279016494751,0.5096151828765869,0.5581420660018921,0.5402780175209045,0.5121427178382874,0.6626129150390625,0.5339508056640625,0.6665460467338562,0.44964608550071716,0.6074248552322388,0.4663241505622864,0.6258023977279663,0.41055336594581604,0.6728314161300659,0.4159081280231476,0.685095489025116,0.40472969949676696,0.5702177076960433,0.12165982136085053,0.6838094408434696,0.44592947297985075,0.44122184566836753,0.5516995922675344,0.29661050186474314,0.22608585640654774,0.0,0.0,-0.5862302780151367,-0.5822454690933229,-0.5378695726394653,-0.5325775146484375,-0.0068389177322387695,0.00353991985321043,-0.027537107467651367,-0.02841579914093017,0.004439234733581543,0.002268254756927543,0.03978222608566284,0.03315991163253784,0.004517197608947754,0.020319819450378356,-0.09176766872406006,-0.08589142560958866,-0.001550912857055664,-0.004021167755126865,0.06966668367385864,0.06322199106216435,0.03458017110824585,0.03831601142883295,-0.10437273979187012,-0.11449635028839102,-0.004680812358856201,-0.0097054243087768,0.025560498237609863,0.021234869956970263,-0.006317257881164551,0.0008586645126342496,-0.010144293308258057,-0.016879916191101057,0.0019192695617675781,0.0007124543190002782,0.016340136528015137,0.005946457386016936,0.009583383798599243,0.011705100536346344,-0.00913769006729126,-1.7464160919260577e-05,0.004896789789199885,-0.0005917549133300157,0.012806296348571777,0.017518937587737978,0.01825800538063055,0.01982462406158445,-0.00636821985244751,-0.0013136267662049094,0.0021981000900268555,-0.0024377405643463447,-0.0008676052093505859,0.0020971298217773143
0.6026003956794739,0.5626738667488098,0.5770241618156433,0.5852845311164856,0.5978115200996399,0.6086496114730835,0.5541560053825378,0.5523536801338196,0.5649082064628601,0.6096600890159607,0.5632447004318237,0.5074666142463684,0.5562700629234314,0.5356811285018921,0.5080729722976685,0.6632814407348633,0.5215736627578735,0.6646758317947388,0.4469606280326843,0.6032703518867493,0.4624142646789551,0.6227474808692932,0.3962322175502777,0.6721452474594116,0.41414743661880493,0.6930352449417114,0.4426325441845845,0.5763626078540606,0.19195920999023505,0.7432016393121071,0.5272274788163043,0.4549648383222125,0.4952831299819271,0.27275450570723925,0.22630204306982224,0.49899751030360573,0.29267473548046263,0.6026003956794739,1.1888306736946106,0.5626738667488098,1.1005434393882751,0.006520390510559082,0.013359308242797782,0.006506800651550293,0.03404390811920159,-0.006092190742492676,-0.010531425476074175,-0.0012447834014892578,-0.04102700948715206,0.009417474269866943,0.004900276660919243,0.0016765594482421875,0.09344422817230219,-0.003646671772003174,-0.002095758914947574,-0.01111149787902832,-0.08077818155288692,0.007965683937072754,-0.026614487171173047,-0.002148568630218506,0.1022241711616516,-0.0018720030784606934,0.002808809280395507,-0.004596889019012451,-0.030157387256622252,-0.0040697455406188965,0.002247512340545603,0.0006685256958007812,0.01081281900405878,-0.012377142906188965,-0.014296412467956465,-0.0018702149391174316,-0.01821035146713253,-0.0026854574680327814,-0.012268841266631981,-0.004154503345489502,0.004983186721801699,-0.003909885883331299,-0.008806675672531098,-0.0030549168586730957,-0.015861213207244797,-0.014321148395538275,-0.032579153776168775,-0.0006861686706542969,0.005682051181793203,-0.0017606914043426514,-0.003958791494369451,0.007939755916595459,0.008807361125945958
0.5990834832191467,0.5570698380470276,0.5796777009963989,0.5929877758026123,0.596581757068634,0.592464804649353,0.555128812789917,0.569033682346344,0.5620936155319214,0.5750207304954529,0.5580974817276001,0.5144926309585571,0.5587999224662781,0.5180093050003052,0.5124815702438354,0.6579610705375671,0.523065447807312,0.6505789160728455,0.4451821744441986,0.6075199842453003,0.4599360525608063,0.622809112071991,0.3997218608856201,0.6648313999176025,0.41553083062171936,0.6895700097084045,0.20077234538498573,0.49074388729178026,0.36197980740065894,0.728788219041664,0.667426083918764,0.5087241158524718,0.5549184583763113,0.2671740928653772,0.20244673028235824,0.3324803160096696,0.08034900176626206,-0.0035169124603271484,-0.606117308139801,-0.0056040287017822266,-0.568277895450592,0.0026535391807556152,-0.0038668513298033844,0.007703244686126709,0.0011964440345765088,-0.0012297630310058594,0.004862427711486741,-0.01618480682373047,-0.014940023422241268,0.0009728074073791504,-0.00844466686248775,0.016680002212524414,0.015003442764282313,-0.0028145909309387207,0.0008320808410643794,-0.03463935852050781,-0.023527860641479513,-0.005147218704223633,-0.013112902641296333,0.007026016712188721,0.00917458534240722,0.0025298595428466797,0.004401862621307279,-0.017671823501586914,-0.013074934482574515,0.004408597946166992,0.008478343486785792,-0.005320370197296143,-0.005988895893096842,0.0014917850494384766,0.013868927955627377,-0.01409691572189331,-0.01222670078277591,-0.0017784535884857178,0.0009070038795469821,0.004249632358551025,0.008404135704040526,-0.0024782121181488037,0.0014316737651823962,6.16312026977539e-05,0.0031165480613707538,0.0034896433353424072,0.017810791730880605,-0.007313847541809082,-0.006627678871154882,0.0013833940029144842,0.0031440854072570844,-0.0034652352333068848,-0.011404991149902285
0.6002042293548584,0.5552194714546204,0.5862597823143005,0.6232719421386719,0.581200122833252,0.581224262714386,0.5546740889549255,0.6532031893730164,0.5501312017440796,0.5563997030258179,0.5380310416221619,0.6046344041824341,0.5631638765335083,0.5142136812210083,0.5085919499397278,0.6713597178459167,0.504250705242157,0.6476457118988037,0.4384656250476837,0.6324945688247681,0.438962459564209,0.6300771832466125,0.39079853892326355,0.6716527342796326,0.399091511964798,0.6884436011314392,0.25396947766077244,0.06497705091787055,0.44125343822620167,0.36364211185435924,0.6192096560439116,0.6200067295531658,0.6070916047464053,0.2181129475062448,0.19143351697181737,0.10245290932095436,0.2702261820073808,0.00112074613571167,0.00463765859603877,-0.0018503665924072266,0.003753662109374973,0.006582081317901611,0.003928542137146012,0.03028416633605957,0.02258092164993287,-0.01538163423538208,-0.01415187120437628,-0.011240541934967041,0.004944264888763358,-0.0004547238349914551,-0.0014275312423705552,0.08416950702667236,0.06748950481414796,-0.011962413787841797,-0.009147822856903097,-0.01862102746963501,0.01601833105087279,-0.020066440105438232,-0.014919221401214633,0.09014177322387695,0.08311575651168826,0.004363954067230225,0.0018340945243836247,-0.003795623779296875,0.013876199722290025,-0.003889620304107666,-0.008298218250274566,0.01339864730834961,0.01871901750564571,-0.01881474256515503,-0.02030652761459343,-0.002933204174041748,0.011163711547851552,-0.006716549396514893,-0.004938095808029192,0.024974584579467773,0.020724952220916772,-0.02097359299659729,-0.01849538087844849,0.007268071174621582,0.007206439971923828,-0.008923321962356567,-0.012412965297698968,0.006821334362030029,0.014135181903839028,-0.01643931865692133,-0.017822712659835732,-0.001126408576965332,0.002338826656341468
0.6039712429046631,0.5626202821731567,0.5901962518692017,0.6351525187492371,0.5754151940345764,0.5776458382606506,0.5613251328468323,0.6966326832771301,0.5472806096076965,0.5468279123306274,0.5372927784919739,0.7166509628295898,0.5626214146614075,0.5095041394233704,0.5102608799934387,0.6722684502601624,0.49974602460861206,0.6419728398323059,0.44689270853996277,0.6389885544776917,0.4387513995170593,0.624930739402771,0.39215460419654846,0.6806780099868774,0.3975387215614319,0.6805891394615173,0.2720275393700436,0.2218813284399918,0.48874598664329855,0.860822935510006,0.6403472583319338,0.6388822040120219,0.616154636074228,0.18455960180537043,0.18213274064789414,0.13982281328726304,0.33144078859854803,0.0037670135498046875,0.0026462674140930874,0.007400810718536377,0.009251177310943577,0.003936469554901123,-0.002645611763000477,0.011880576610565186,-0.018403589725494315,-0.005784928798675537,0.009596705436706463,-0.0035784244537353516,0.007662117481231648,0.006651043891906738,0.007105767726898138,0.04342949390411377,-0.040740013122558524,-0.0028505921363830566,0.009111821651458643,-0.00957179069519043,0.00904923677444457,-0.0007382631301879883,0.019328176975250213,0.11201655864715576,0.021874785423278864,-0.0005424618721008301,-0.00490641593933103,-0.0047095417976379395,-0.0009139180183411395,0.0016689300537109375,0.005558550357818538,0.0009087324142456055,-0.012489914894103995,-0.004504680633544922,0.01431006193161008,-0.005672872066497803,-0.002739667892456103,0.008427083492279053,0.015143632888793852,0.006493985652923584,-0.018480598926544117,-0.0002110600471496582,0.02076253294944754,-0.005146443843841553,-0.012414515018463051,0.0013560652732849676,0.010279387235641467,0.009025275707244873,0.0022039413452148732,-0.0015527904033660889,0.014886528253555211,-0.007854461669921875,-0.006728053092956575
0.604387640953064,0.5658437013626099,0.5868735909461975,0.6318719387054443,0.5741627812385559,0.5840500593185425,0.5572579503059387,0.6844803690910339,0.5454501509666443,0.5581299662590027,0.5361393690109253,0.6793525815010071,0.5605852603912354,0.516551673412323,0.5064677596092224,0.6736039519309998,0.4972633719444275,0.6470944285392761,0.44329795241355896,0.6360883116722107,0.43841615319252014,0.6233829855918884,0.397140771150589,0.6802524328231812,0.398971289396286,0.6763308048248291,0.28872727473299803,0.1844044489498087,0.45233212902110004,0.587384880214467,0.6226202154399342,0.5864368628952699,0.5818840942736168,0.22364369950533577,0.20416655960979205,0.16522461884113,0.341157922446095,0.0004163980484008789,-0.003350615501403721,0.003223419189453125,-0.004177391529083175,-0.0033226609230041504,-0.00725913047790525,-0.0032805800437927246,-0.015161156654357825,-0.0012524127960205078,0.004532516002654992,0.006404221057891846,0.009982645511627145,-0.004067182540893555,-0.010718226432800255,-0.012152314186096191,-0.05558180809020989,-0.001830458641052246,0.0010201334953307537,0.011302053928375244,0.020873844623565646,-0.001153409481048584,-0.00041514635086068396,-0.037298381328582764,-0.14931493997573847,-0.002036154270172119,-0.001493692398071319,0.007047533988952637,0.011757075786590538,-0.0037931203842163086,-0.005462050437927209,0.0013355016708374023,0.0004267692565918023,-0.002482652664184515,0.0020220279693603854,0.005121588706970215,0.010794460773468014,-0.003594756126403753,-0.012021839618682754,-0.002900242805480957,-0.009394228458404458,-0.00033524632453918457,-0.00012418627738958456,-0.0015477538108825684,0.0035986900329589315,0.004986166954040583,0.003630101680755683,-0.00042557716369628906,-0.00945085287094109,0.001432567834854126,0.002985358238220126,-0.004258334636688232,0.003596127033233568
